Date,Thailand_rainfall_mm,Vietnam_rainfall_mm,India_rainfall_mm,China_rainfall_mm,Indonesia_rainfall_mm,Philippines_rainfall_mm,Asia_Avg_Rainfall_mm,Rainfall_Anomaly_pct
2008-07-01,193.4843381859954,233.68924279220522,238.62643318800235,245.72787573129654,92.77978753463857,229.16884354969233,205.5794201636384,53.39888088675947
2008-08-01,192.5247336736211,169.70930689545258,447.31261514124503,172.86436864409228,49.146918799171914,143.18003236826434,195.78966258697457,46.09397723824475
2008-09-01,273.3481252440736,294.6783048191555,214.96024680888485,124.87530170825501,68.97340488881458,250.9490342029125,204.6307362786827,52.690993656842835
2008-10-01,258.3119823137579,269.14197107622255,123.50876297707457,70.77375860223138,159.80323532798866,208.99196239690656,181.75527878236358,35.62182604797024
2008-11-01,62.90917545365197,187.35797828979852,22.476777451957176,60.135328966995324,196.43361590727648,175.92871956462372,117.54026593905053,-12.294016396045977
2008-12-01,20.969797389423604,79.91018708686073,19.362749899003397,53.23527488114404,324.98183988971414,186.86842840171622,114.22137959131037,-14.7704970239631
2009-01-01,44.73864714545026,12.31592414894589,17.017828579041822,44.04096291733694,256.44423718265347,173.34100643466283,91.31643440134854,-31.861667706884262
2009-02-01,19.609278079119893,10.358546148216437,25.739601028200184,41.59391369338822,239.4163922399975,95.89432864153918,72.10200997174357,-46.19905226628455
2009-03-01,30.807574175642326,18.751119908509445,30.939554793941145,89.8049705776166,242.2819792838207,60.23196573895396,78.80286074641403,-41.19902352310867
2009-04-01,75.37881659276911,37.49374446620302,57.35306930994449,108.04584359968418,152.4544792406093,56.84034436983282,81.26104959650714,-39.36477660134754
2009-05-01,115.68284883328221,150.0092970675245,66.8504527004959,105.83265235802335,121.2876744911954,130.54685090635445,115.03496272614598,-14.16341902805873
2009-06-01,123.33215070288901,300.99287068226056,206.44887188659504,187.04884610157941,77.14132009201428,181.29379069713073,179.3763083604115,33.84669019001487
2009-07-01,142.58137378659612,198.88079123174606,287.2485849390375,132.91432968819262,62.090851306920506,172.0274325772859,165.95722725496313,23.833664457838342
2009-08-01,94.45362451347138,208.60923176614037,299.98547257279597,111.72152257648534,47.846444340619875,162.80456451381153,154.23681004722076,15.088144688580819
2009-09-01,122.48807306401255,253.0450749484611,194.19490585502226,65.71410692235271,71.02101929421849,232.48751119543445,156.4917818799169,16.77075550289003
2009-10-01,135.79400160522624,211.36203279883685,59.2929759948806,88.34620263625288,92.23352811806507,201.71635341477347,131.45751576133918,-1.9092680293992188
2009-11-01,40.669122572588876,111.49659197755977,17.67601772924833,57.67452969481139,191.42613744254973,200.4365694809429,103.22982814961684,-22.972153050733336
2009-12-01,18.068440930823932,58.74148604903133,21.344101194454932,37.82477726753502,181.45835724189791,172.43625713146827,81.6455699692019,-39.077855883298106
2010-01-01,37.64617850520486,19.445004013127168,24.52864445510612,54.64767528241013,332.1058565528662,208.70956867851706,112.84715458120526,-15.795913762997198
2010-02-01,16.50340297385766,16.432975806746967,29.33544289775978,53.46825114728241,293.68131984714313,102.68959013410692,85.35183046781613,-36.31232511027774
2010-03-01,59.483968674078305,20.767327679986124,60.27059817480721,154.1270659780683,355.87317921632604,116.24005080767158,127.79369842182292,-4.643128642528362
2010-04-01,87.84571607104775,46.75324208235416,70.59630995324144,117.97208718543023,239.04151971953243,71.72687454475512,105.65595825939351,-21.16182766198978
2010-05-01,174.82972306173335,269.1794352535851,142.123835233468,135.14349231729943,194.22539417089004,195.27720008445732,185.12984668690555,38.1398550394961
2010-06-01,131.56926674734478,144.10580114077956,291.38231268108126,210.70821175947185,80.83211142014963,178.46762433109188,172.84422134665317,28.972589285518325
2010-07-01,163.9667157374733,274.646367195089,535.9107674985428,233.21694281039711,96.91372489199436,309.8543349456014,269.08480884651635,100.78521725485476
2010-08-01,211.59219521398845,155.815069925276,497.1930860038199,210.26133197723502,81.27690497960343,263.01428564321,236.52547895718877,76.4901552127979
2010-09-01,194.75972498243146,260.3639177171076,218.5476491699626,116.18290502970939,93.51402540266781,240.04172620048246,187.2349914170602,39.710668136708534
2010-10-01,222.55389795951078,308.1009002065487,123.61151868475515,100.67501777130232,167.40725835180368,228.51537679685129,191.810661628462,43.1249334808622
2010-11-01,60.711186079120495,163.0698166148739,38.953094052137516,94.97193805135548,185.58425816584457,215.26402382306125,126.42571946439887,-5.6638847132403605
2010-12-01,21.658208750950926,54.12712206457558,29.29570516464881,65.67509747770401,383.2789769230977,224.5604701810393,129.76593009366937,-3.171492371398446
2011-01-01,39.40870875442461,19.195439382515342,18.077142896601135,66.45932119652512,490.48595390721374,185.56727239799284,136.53230642254547,1.8774301116110745
2011-02-01,30.698206266600042,19.08344843642051,38.210265811189515,60.32926130876487,290.84276548922463,99.14911991177584,89.71884453732923,-33.05375442967743
2011-03-01,44.679064866348114,19.12795748990723,54.28348340217231,80.84956682358701,244.8497844494945,89.1635657066832,88.82557045636541,-33.720296072006846
2011-04-01,70.64582015311026,46.7394689626545,43.56254130247335,109.1823729897679,289.111624574873,95.99211361974346,109.20565693377041,-18.513119908552206
2011-05-01,195.6375090466672,180.8332947421527,85.49500931628664,130.23547374055678,206.33538249011514,180.83636041230713,163.2288382913476,21.797800102791225
2011-06-01,135.44496358503858,194.8083044272594,165.80299804543435,218.41582402199882,100.2879353917668,219.19257036125703,172.32543263879248,28.585480463345505
2011-07-01,186.68567124497045,336.05112996186335,349.68544679785833,137.0642657446179,82.07025223764225,225.70255582193542,219.54322030148128,63.81836408389297
2011-08-01,122.58610060516747,252.39957219984694,409.8334288954546,255.9583725228561,63.41281485691479,252.31514378067598,226.08423881015264,68.6991294751519
2011-09-01,180.94699151028536,166.59201514717398,291.3055959339021,130.15274768619676,65.50744684226575,301.7827262139872,189.38125388896856,41.31216239628922
2011-10-01,209.53744503024308,255.58846863183743,102.29375077326269,81.95029122654223,109.70663567850477,195.99678238702262,159.17889562123548,18.775821187021233
2011-11-01,77.12499083513832,136.04637646486336,44.54429646623909,53.59731719650335,161.11304428455665,212.46953112343417,114.1492593951225,-14.824311541854756
2011-12-01,23.16772989973107,78.65670401966126,16.217145467197287,33.719044747593045,246.4834698083356,134.3226901412556,88.76113068062898,-33.76837962762099
2012-01-01,39.07481374089408,16.8299170462692,13.186470242579382,52.40853525565723,297.91890675679315,161.97669367815837,96.89922278672525,-27.695912740444978
2012-02-01,18.795585217642845,14.655790675599304,29.666713806620287,60.87981560626085,293.11602502204516,112.94391879405481,88.34297485370388,-34.080398388232
2012-03-01,28.17182407706058,22.019949115921833,43.072523591514454,66.78070380466103,314.4240236550757,72.26901660321002,91.12300680790726,-32.00599915962839
2012-04-01,68.48249266568466,46.926041553360974,59.60766302287088,74.09842455872769,160.06583837044838,78.88784115948039,81.34471688842883,-39.302345892391365
2012-05-01,136.18083687120637,121.59051497421515,58.65115799920246,107.27695191632705,167.56102715734434,90.58162408794381,113.64035216770652,-15.204047018774844
2012-06-01,193.82791123900532,186.61995056636206,245.54399802436058,213.40868880926058,95.72022311548982,127.28250431244648,177.06721267782083,32.12369333902701
2012-07-01,170.99578526619075,190.05229693123982,243.90501296667966,175.3951199995466,79.20858064556107,208.97807274239887,178.08914475860277,32.88623677557064
2012-08-01,116.53055440694158,173.86683069705154,362.8590431251224,122.38999664086629,68.09783390599925,266.0723253149348,184.9694306818193,38.02015611420012
2012-09-01,234.25969465337099,338.27271201405483,214.66392984387394,114.10216646193734,62.03644765500322,320.82852918997776,214.02724663636968,59.702464804891996
2012-10-01,166.1370379050126,237.81919528228204,73.0821638461076,75.63642288403727,129.1778339084172,199.80909243376664,146.9436243766039,9.64612856127852
2012-11-01,51.87693599632849,104.69524927861873,26.916798495979837,27.63736028470114,185.99227949567,243.14723333725183,106.71097614809167,-20.37459631697972
2012-12-01,22.44670515536347,71.01434336465732,15.763145912444195,44.51134620133969,285.60746572842373,178.61369509797456,102.9927835767005,-23.149030542540157
2013-01-01,48.24799617996761,28.488624788050533,19.749283610907312,42.921589228121896,317.3501186344691,144.82118100177541,100.26313224054866,-25.1858368524492
2013-02-01,23.725120476464795,18.097395781653443,35.73085392300743,68.35447637776102,417.4968078350101,117.67319874973346,113.51297552393838,-15.299092693043171
2013-03-01,33.286259814218894,13.922520136183945,32.11419162931565,123.28120970901622,209.38848075593683,90.4371660546147,83.73830468321437,-37.516302869543836
2013-04-01,75.05260198638057,36.12612741706999,66.04855818621414,122.53130059095514,178.76012179992728,41.083294116189,86.60033401612269,-35.38071898481573
2013-05-01,159.93790294210692,200.54115677397192,89.39484763255119,108.8155601172389,122.55206526010659,155.4369683934215,139.44641685323282,4.051875775929266
2013-06-01,191.2174440679155,171.69322137524875,210.3563583868828,124.59117092026656,88.8904576167949,229.68328874930825,169.4053235194028,26.406558708312616
2013-07-01,144.6664243889507,228.64041598214158,322.9359962429992,280.21431272024483,69.80180596309572,174.97749193961883,203.5394078728418,51.87666819565284
2013-08-01,173.31627684010257,230.9853621371735,253.74449136516006,177.0726451905071,74.26819837329062,237.415355471246,191.13372156291328,42.619815563903764
2013-09-01,171.32126114373477,203.65347642109586,177.8540277861127,120.33430300591071,102.72806796783769,263.71344894157147,173.26743087771055,29.288379009962227
2013-10-01,136.93656153309587,217.3808843332808,68.43819793340073,79.61399860623995,106.30208895001257,231.4696456962519,140.02356284204697,4.482529528731476
2013-11-01,69.75030986873037,49.24451447806596,41.78835079749834,62.37701712921426,150.03519936824776,177.9877938461832,91.86386424798998,-31.45318749144264
2013-12-01,25.424960114283294,47.70734830398852,20.141054207886913,43.70075629268452,284.513608932093,155.82155875423013,96.2182144341944,-28.20406632444485
2014-01-01,37.45272307598946,18.040241024705992,16.341043069628174,37.84518984117398,253.52328647598463,141.7717089767438,84.16236541070434,-37.19987800088136
2014-02-01,22.813425011989693,10.69381793140018,29.719685491185068,50.765808069859524,299.6719727045932,117.28185136592792,88.49109342915926,-33.969875536794284
2014-03-01,40.748433790362014,25.203162954940215,37.14630682234969,84.93991907930643,237.25328975081928,84.26272234983537,84.92563912460217,-36.63033979793766
2014-04-01,66.1941797300021,27.130925527499187,54.48094656532126,84.67492934845848,132.40172363010518,52.77499661421839,69.60961690260076,-48.05882163051417
2014-05-01,152.79977475698982,138.6226476044117,106.66916730082507,93.67431964850395,174.16363835537965,131.59473060278228,132.92071304481541,-0.8174621199208313
2014-06-01,198.75631162056547,194.96814193687146,273.481616227247,155.23547892183367,129.1216757888149,73.57984237445142,170.85717781163063,27.489900725043242
2014-07-01,150.91088841105747,257.006804233738,280.23757804481994,166.78755080765694,66.68561190463733,233.6530966141399,192.5469216693416,43.67431467000395
2014-08-01,224.510813028839,135.4372382551813,268.9902509688035,216.25776687037438,52.58020221672978,136.27996404707542,172.3427058978339,28.598369392617272
2014-09-01,99.49465464904867,292.7502782273606,179.54803550823752,53.55788836863932,80.34515393901856,211.47269307201717,152.86145062738697,14.06188147774177
2014-10-01,199.10906564963264,209.42774195061872,46.13714808302149,92.59090414922142,121.62561481170418,162.19779840462718,138.51471217480426,3.3566580597097397
2014-11-01,57.99233657791515,106.89186988212451,19.863410945468253,71.20537119447297,193.5222141254108,140.80210392260557,98.37955110799953,-26.591324024085637
2014-12-01,17.863772068229704,62.267979606601294,24.194122216289195,25.02251351291032,346.30410421505763,210.70027612834537,114.39212795790559,-14.64308831579523
2015-01-01,32.587268969827214,16.636991025835105,21.26389668320411,33.53264932262149,231.50653308028564,108.7751711685146,74.05041837504803,-44.745192398699785
2015-02-01,9.639779473277143,10.559479494818893,22.804627010129384,44.434167686440404,188.23628344467727,85.54406210769145,60.20306653617243,-55.07778441417448
2015-03-01,30.594099917839923,16.223366671968062,35.689964563556906,51.73183159606337,139.03414164424214,63.39941659034644,56.11213683066947,-58.13034696207464
2015-04-01,68.57104091535035,29.533992980084733,50.98800148361795,67.554932998546,136.6102387218586,52.579591941341974,67.6396331734666,-49.52878053580616
2015-05-01,155.4694570737964,130.90604403843196,129.26209293528382,71.56540444342875,111.25795580762694,97.47498030835692,115.98932243448746,-13.451296622486872
2015-06-01,114.73228241219462,181.1881815846735,244.78299645738306,172.85812335164474,108.7129258162846,107.0498239433692,154.88738892759162,15.573592463936992
2015-07-01,107.3025637659344,221.29016502248385,257.2459511698155,175.69608043716485,57.374575372337006,191.88053822230847,168.46497899834068,25.70489412990246
2015-08-01,129.54939714476535,120.38990403754083,207.0763294412582,175.60354265983645,50.148364335733426,158.6197682727218,140.23121764864266,4.637477017722247
2015-09-01,208.22215454311302,285.3213349862507,108.59371775175767,109.85610362963011,63.789786930268775,132.22725509146557,151.33505882208098,12.922921193962964
2015-10-01,153.4680319581989,107.28650945680795,74.92987635648801,49.548137328419465,118.8171508502032,160.93034633399986,110.83000871401957,-17.30106402738328
2015-11-01,42.91430204383643,108.60001387120293,20.369516422635343,42.96460544371417,216.77565386516034,208.02431330029793,106.6080674911412,-20.45138451298298
2015-12-01,17.64245578596274,53.647845182251935,11.448788129287443,39.523496840841005,185.91585904651464,168.4863861728686,79.44413852628772,-40.72051602614294
2016-01-01,44.85428243426276,23.236364218034147,19.155079309332883,37.400934691969745,297.6969967937973,153.49447956454065,95.97302283532292,-28.387022949382214
2016-02-01,26.262037958344713,14.44509158459204,25.861783176144993,75.41157927827552,372.32031002745487,102.31633050499458,102.76952208830112,-23.31562339720585
2016-03-01,37.8219327738793,21.08426209842799,58.84684638863857,94.24155711646894,300.00387065226926,82.33922309857407,99.05628202137636,-26.08636217191751
2016-04-01,82.23314621987929,39.66159177500227,77.63764479173275,101.75394223390887,301.2551223323855,93.4130733830031,115.99242012265195,-13.448985195120308
2016-05-01,152.06043094663877,155.25436055556375,109.82460189103443,144.48728719554836,171.9849881080397,142.083095938913,145.94912743928967,8.904056630596536
2016-06-01,124.48427382574943,257.38249226892515,356.3969276389514,191.63806856430858,102.0955740026847,215.02964922876637,207.8378309215643,55.08405775209303
2016-07-01,186.4234337526731,247.49411545158523,368.61693913521714,188.80867705116347,98.39552502018465,265.3324719774011,225.8451937313708,68.52075924948716
2016-08-01,208.33778877832367,189.5119778085312,291.3655922264902,237.1341974295236,80.6348872636944,253.55739529688327,210.09030646724105,56.764805891457236
2016-09-01,242.2474913014951,324.4779931488288,287.01745939986495,103.45992815136272,102.44048638907361,250.32257470066688,218.3276555152153,62.911336144471164
2016-10-01,188.7103495183442,256.8732968104279,109.67041886495625,98.84046668221903,145.39203442123267,232.4966673042871,171.99720560024454,28.3405646038205
2016-11-01,47.317106204934525,179.03615326023996,26.154175381445388,73.82893660518266,240.24031770773055,216.84954458578122,130.5710389575524,-2.5707376917064844
2016-12-01,20.149160579832422,74.31110071339168,21.162509816432124,46.4354902507915,352.88370777349246,196.5259994342103,118.5779947613584,-11.519685775406753
2017-01-01,37.25828386778584,16.68401995631171,16.497526986460972,47.93519720017906,382.9295394622517,171.82888630910938,112.1889089636831,-16.287082290450673
2017-02-01,16.790890923113523,13.31945687940909,21.703201614213985,44.986637083376365,316.32775370502,101.03891771614599,85.69447632021316,-36.05665024624536
2017-03-01,38.70971430667193,22.989174420493047,47.40942038025313,106.63248634572422,231.97833214479098,91.72224123544927,89.90689480556375,-32.91343541975578
2017-04-01,86.46481370903261,44.88296212346772,82.91299968564157,96.30195727114021,205.8685474573329,59.03140103869701,95.91044688088533,-28.433715762181794
2017-05-01,206.58557703631593,159.33114899314725,72.02864852361716,102.97737052806208,173.782251062234,121.88724456758618,139.43204011849377,4.041148169936313
2017-06-01,165.58649001061883,204.69309533235128,278.1484618345286,193.5682952267805,83.66128658025528,108.06477535684412,172.28706739022974,28.55685315138119
2017-07-01,168.24161250312844,263.66192562311386,287.0575904379594,158.93928344991792,85.89877294196641,236.65310698809927,200.07538199069757,49.2918876117757
2017-08-01,177.31994703241799,176.3371444465668,288.82397543905944,125.70385462727539,55.27993425207167,235.24549293951168,176.45172478948385,31.66442969680497
2017-09-01,135.57406652684216,277.3548690585019,176.30424303044524,82.64089983542631,80.45991716695708,287.90448527326333,173.37308014857265,29.367212192310195
2017-10-01,179.0455004838282,211.10352329290865,74.44816614576331,89.69615922153024,150.68284470257518,92.56476335947767,132.92349286768052,-0.8153878767099517
2017-11-01,60.722762519292324,133.90492630963783,30.291129767668966,44.63484777004461,186.8795664487165,283.5349881912291,123.32803683443156,-7.975307950065824
2017-12-01,29.852968449941145,73.18532222384628,16.67619953435585,60.793147637859285,262.41470050411976,174.97477338641374,102.98285195608935,-23.15644130129184
2018-01-01,33.8457788079409,20.505465548437865,18.552008026745035,23.11111908956092,192.19959575626027,161.25602636187043,74.91166559846924,-44.1025484991573
2018-02-01,18.661446645014315,15.347665439041686,26.134742782108553,70.7145792491428,283.17537573382145,69.69765568259066,80.62191092195324,-39.84168794456454
2018-03-01,34.95562914127509,22.195285401183238,33.51780575006048,82.54251668048948,238.46525181139899,79.02785658328098,81.78405756128139,-38.9745194616622
2018-04-01,53.945013230316995,35.34786704509463,43.216127728840725,86.2978492310811,252.1465662603522,41.675931652886185,85.4382258580953,-36.2478587538105
2018-05-01,162.17052230319655,160.00379567166618,77.84882458199733,90.17083768298686,115.61634429075806,92.42599955010459,116.37272068011828,-13.165213211185781
2018-06-01,161.9744342004596,165.07861016791037,253.2372139363333,152.03967298015434,91.85704576688534,219.0365132904998,173.87058172370712,29.738437020185867
2018-07-01,163.07545962873223,196.78118838797283,319.493270257224,161.57461408904695,73.91132226664745,169.2879794931302,180.6873056871256,34.824927810314584
2018-08-01,129.59060543210268,171.4189644862575,226.54408861294561,187.98169796610887,69.45790663430229,202.01900084951885,164.50204399687263,22.747838439365538
2018-09-01,247.91619571944577,224.26782245967956,179.49649715110877,108.01248793974227,69.05823890399172,247.95166094429294,179.4504838530435,33.902038325299586
2018-10-01,113.98935833074054,216.64448002491727,91.10197203420915,72.51624880138324,111.49293462426955,212.79280270229924,136.42296608630318,1.795842736756142
2018-11-01,58.99721091053085,103.03904236512723,17.585540115679155,48.96025503902168,177.65816142781995,181.2947454610539,97.92249255320547,-26.932371152000094
2018-12-01,25.310403802851127,74.89560963123846,19.512627877177373,39.148990660129144,237.33923347563496,169.96196455813003,94.36147166752686,-29.589527292642302
2019-01-01,28.86813845905904,14.378337426601073,15.614554467794951,42.99319432802567,245.8925848142715,199.89222080143344,91.27317171619761,-31.893949379247317
2019-02-01,15.96132817343002,10.221690745473124,30.081232810403062,35.53018135930844,261.7821356420747,88.96286165339546,73.7565717306808,-44.96445435771486
2019-03-01,36.71748982863102,22.169199144600245,30.50453407289388,59.15939616188744,262.3808915939422,74.89582627269553,80.97122284577505,-39.581039003381555
2019-04-01,64.74995058072673,41.69997139653314,34.507273312823195,103.37875369240888,143.04544922120184,65.34706747688222,75.454744280096,-43.69731502817714
2019-05-01,93.13208736121442,161.9746507311021,60.70423611810307,107.0369145692484,129.35083578850126,131.87936015189246,114.01301412001027,-14.925974795461022
2019-06-01,145.97461367441358,202.62043833351407,227.1638225997622,138.70127991304284,77.39782533109488,200.45978190015632,165.38629362533064,23.40764623200364
2019-07-01,113.40565304468818,188.53707198638662,312.42751660225605,167.11384997107757,89.20867145651773,202.99428799305065,178.94784184232947,33.52697781647614
2019-08-01,177.3443947525799,147.69884262651007,235.91136239398605,168.44882371889264,37.54958142833523,152.73700545587286,153.28166839602946,14.375438814303857
2019-09-01,161.5908003243414,228.41120511871767,202.98932851598545,96.34119090531779,63.951525399289125,286.56424219540736,173.3080487431765,29.31868717554381
2019-10-01,212.21787472256827,171.18439622412038,54.083374991242856,60.79241195420669,116.14777650139364,152.60472243645995,127.83842613833195,-4.609753795709338
2019-11-01,45.54086444276864,150.57301728212732,26.64316908730449,56.11512875505497,212.72297854719264,190.89487674860518,113.7483391438422,-15.123469491722902
2019-12-01,16.840578541659568,52.411780279776906,13.640341680855155,32.57518050131824,230.92288778178417,137.5614624593728,80.65870520746114,-39.814232850978584
2020-01-01,50.228788758073954,18.03385210985635,18.78406801429467,52.56821678554467,288.02307067028073,159.92191757038705,97.92665231807291,-26.929267226155236
2020-02-01,16.282666153005316,15.158709873044304,32.70714339013037,42.73451648907759,416.1723795597669,115.10126806255518,106.3594472545966,-20.63689951259425
2020-03-01,45.16525383497968,23.3838638824707,35.76602852394665,117.20678558961052,184.13495940242194,91.95305268298073,82.93499065273504,-38.11571828368439
2020-04-01,108.98742679400037,38.32941986377366,59.81616014678147,118.20810562012173,121.01158267401244,70.2680929748893,86.10346467892983,-35.75147205052465
2020-05-01,109.91754320021622,144.38406312922413,129.7359246790319,130.55977860035668,164.50603696961278,171.42739609400016,141.7551237787403,5.77458254485808
2020-06-01,179.18094615087642,226.5272875364506,238.84783904574996,206.76180040515695,97.1556287539836,212.03341364286356,193.41781925584687,44.32415946006392
2020-07-01,181.78154936922553,237.91168366549167,415.96813374800337,266.3523588007246,68.75309691998127,205.452433355444,229.3698759764784,71.15080028886044
2020-08-01,224.79727325470182,194.1000548239672,267.51466220606545,227.34318845768536,73.98029955699963,283.4134222370627,211.85815008941367,58.08393225638334
2020-09-01,178.82010221907356,244.5639314966106,238.88754048594024,81.88453992388378,90.61287633396631,320.86215014585343,192.60519010088797,43.71779330314304
2020-10-01,143.06064688328334,248.62701302323492,125.22409398558959,64.28891001480709,114.97908189130402,179.26407662469015,145.90730373715152,8.872848695982137
2020-11-01,71.56436269039501,107.40992951312093,16.38374363917517,56.702351233064014,144.62176497967562,241.80768301751388,106.41497251215743,-20.595467776071207
2020-12-01,22.882973788367366,46.559269484079856,18.15741249636754,48.85360500804931,329.79720355621293,221.66159622104772,114.65201009235413,-14.449169933521672
2021-01-01,46.20433708304372,18.838845426489282,24.53911735959438,54.62482430264433,372.91327774527167,155.18040438912027,112.0501343843606,-16.390632855709867
2021-02-01,23.524372121786694,15.795624399350903,31.659900452116247,56.420181666374255,301.89076679119,140.26554989285563,94.92606588727897,-29.168239396236295
2021-03-01,38.01578245010928,23.36799328863122,47.26608368566752,102.69798193664617,361.50243339131674,85.35902166822753,109.70154940343309,-18.143095760094756
2021-04-01,92.08766507003367,56.98313470915606,58.02739553535117,93.38157548822691,172.9162702816493,67.65760918582436,90.17560837837357,-32.7129272107371
2021-05-01,174.6713916188565,206.18961873671108,111.90497532440381,111.02859958430372,107.01382473551806,127.43090383890583,139.70655230644982,4.245983179144504
2021-06-01,150.85483008547186,212.96270468160924,266.43775205343564,126.48552939094257,94.77802246261263,198.61693028422616,175.02262815971633,30.598068951595753
2021-07-01,241.67526279229543,230.1214511948958,447.7809776765021,165.92440688328622,87.19768611214324,171.76389617661113,224.07728013928897,67.20158067454041
2021-08-01,216.7637836681068,175.88870795593644,369.9112273684054,140.46014268377118,69.21208073105953,172.30153728243616,190.7562466149526,42.33815198817295
2021-09-01,184.34091073539182,273.9817775204185,234.85451713130894,106.23694612139842,83.7542453817286,348.18986733827853,205.22637737142085,53.13544805292718
2021-10-01,223.9995229018997,228.02892187626531,90.84483607077516,106.54409562029797,141.29426246797743,201.00707074139294,165.2864516131014,23.33314629942646
2021-11-01,53.134201952999355,163.93973165841317,29.781798921121542,53.46793466741835,148.43903880205843,176.37873662392252,104.19024043765558,-22.255514342161412
2021-12-01,25.463172256466788,55.08055154510934,20.096743973593668,75.56058244189018,368.58333535299045,112.7257515012929,109.58502284522388,-18.23004533709352
2022-01-01,55.18101638790635,24.726672383800455,24.16714559785477,55.37264444087938,330.47944081201945,146.53088527763276,106.07630081668219,-20.84817721086079
2022-02-01,18.72334321378434,21.950002747688664,30.770984288887835,69.6841975024591,383.6767945572074,82.36278862767205,101.19468515628323,-24.490732378242903
2022-03-01,53.43185011802913,21.91275453491328,47.396382717791866,83.49550715154675,287.2249146212654,119.02491166964376,102.08105346886502,-23.829343669707274
2022-04-01,96.99703421070205,48.39933703000652,95.0933867337947,127.68694129876143,244.46254421808953,80.771941680765,115.56853086201988,-13.765282118952063
2022-05-01,195.62122137581488,203.9347606629263,131.51319335686992,113.97156959611496,174.66790190808194,115.90251872162278,155.93519427023844,16.3554419643454
2022-06-01,247.1810604983175,206.02532285951455,261.7426821986009,183.5728317568898,122.02867174438786,292.41821167148254,218.8281301215322,63.28477938339141
2022-07-01,170.40528992245714,245.74131034436203,458.3937331263588,313.28990326585887,101.11759185682641,267.9830938172235,259.4884870555145,93.6246511719406
2022-08-01,171.20935785310604,224.56413955502444,329.1491572618152,192.23445193079377,85.06381000497989,230.3923094206951,205.43553767106906,53.29151890800807
2022-09-01,202.56472890805426,285.46986151873455,132.69202082403214,165.29246701055897,93.12165936105035,134.43194876839672,168.92878106513783,26.050973119438552
2022-10-01,168.70652931019356,208.30607785160262,80.47697997190514,76.9990784617441,153.4580210039792,359.2976499772718,174.54072276278274,30.238481651835585
2022-11-01,66.16375302547445,157.56863906476045,21.028278290706247,66.72975468772084,197.98185680633904,161.7471534889909,111.86990589399865,-16.525115425528515
2022-12-01,23.928360847178567,73.89309703433885,20.82521959149494,68.24967040720595,375.0724266277773,135.25752252269814,116.20438283844896,-13.290823238212857
2023-01-01,35.88149743544413,21.933888266503143,17.062622489244475,33.45370200792358,220.50399259497723,153.57554601624585,80.40187480172307,-40.00587409982807
2023-02-01,19.812423046722483,15.196140606517277,34.04983029260394,69.48697529156867,323.72476460655486,126.47579090776763,98.12432079195581,-26.781771320893444
2023-03-01,34.08841286476977,24.320820355539293,36.22310614159631,87.32860461246877,202.36155561371078,86.82611033174304,78.52476831997133,-41.40653002821234
2023-04-01,87.76806344933951,28.782036572361264,48.765174606149586,75.43806480979745,121.35364652798636,56.75187302453406,69.80980983169471,-47.90944203181694
2023-05-01,120.75125075243211,159.72712131880246,99.09989488011931,110.11357129853542,122.04888507487678,114.13298856997183,120.97895198245631,-9.728143847327383
2023-06-01,209.98860133123765,176.23362819510396,118.52674936716487,162.45348102984707,73.42212182292702,179.11451609867743,153.28984964082633,14.381543480787991
2023-07-01,153.0181518592082,256.6759647158709,293.71797670989054,176.80592331173085,79.43275226624665,195.80357205275,192.5757234859495,43.69580595756398
2023-08-01,126.77097877366175,142.51785829792485,313.935066547451,102.03581458325893,44.343235411115614,197.51655925645466,154.5199188116445,15.299394275710037
2023-09-01,146.9486205725144,176.81182170731702,119.72806764348539,87.16640161317268,61.931905308279,208.25140504123655,133.47303698100083,-0.4053300415718786
2023-10-01,167.76365590644144,164.58271506039355,93.99943686106602,64.63374655649953,63.453369088711156,184.65901701655787,123.1819900816116,-8.084284852626856
2023-11-01,48.72067958967632,68.4512817614266,27.226331678221513,50.24077902317953,139.15942663097826,144.365203978533,79.69395044366921,-40.534111820274504
2023-12-01,19.427601679913113,45.637298778856234,15.588021092737275,42.998141546262694,113.8645337630001,144.4113426478767,63.654489918107686,-52.50240754116923
2024-01-01,41.59660594675894,16.115295886095947,21.40457109120388,44.26934355797932,194.71753906131377,94.25073079543151,68.7256810564639,-48.718395285625924
2024-02-01,18.723250131903885,14.678622291457192,41.44294928948506,41.77707431070485,306.4540597068766,93.13154709089974,86.03458380355455,-35.80286945785587
2024-03-01,31.564367742680123,20.298672707953205,39.38218353844456,92.00138325220198,263.832487234478,60.97341517130606,84.67541827451065,-36.81704914047798
2024-04-01,52.974322184774856,52.25889837804073,59.82971468382383,106.60112916039263,206.16738734782865,44.41908178374021,87.04175558976682,-35.0513398312877
2024-05-01,129.7743238660899,180.8928846808559,86.27214290873536,121.48142128729323,107.27843459276293,118.1015866462993,123.9667989970061,-7.498677551878373
2024-06-01,178.03452334743355,168.0776610848287,197.1323924504224,184.8557340568605,94.09348423330238,218.6064781929853,173.46671222763882,29.437078408162044
2024-07-01,158.5084498215582,163.65325461320052,365.5620556973242,205.06236373239398,75.94524140582335,224.8960310280879,198.93789938306466,48.44312289155152
2024-08-01,128.39573376805,208.6929285172472,251.95010338474088,181.5177376343455,43.794642543205015,143.35307476855118,159.61737010269,19.103001284615555
2024-09-01,216.2389627005794,174.78892266651948,192.71951701433693,112.40022177874285,98.85165418686069,182.87295697239261,162.978705886572,21.61115675621717
2024-10-01,184.1778543867262,285.554976412712,77.33205766031651,50.75339381055693,134.00386022512532,248.32423565790745,163.35772969222407,21.893976055786116
2024-11-01,46.924025227307084,164.37310721118624,31.230185006754432,61.89764769811148,163.44302525502547,152.66547904554423,103.42224490732148,-22.8285758615757
2024-12-01,19.584155402593005,51.651397566006366,20.267916000090402,44.5257297252446,248.3281604463298,163.31754627010176,91.27915090172765,-31.889487841374546
