Date,Thai 25%_spread_usd,Thai 25%_spread_pct,Thai 25%_spread_ma12,Thai A.1_spread_usd,Thai A.1_spread_pct,Thai A.1_spread_ma12,Vietnamese 5%_spread_usd,Vietnamese 5%_spread_pct,Vietnamese 5%_spread_ma12,Thai 5%_price,Thai 5%_price_ma12,Thai 25%_price,Thai 25%_price_ma12,Thai A.1_price,Thai A.1_price_ma12,Vietnamese 5%_price,Vietnamese 5%_price_ma12
2008-07-01,31.75,4.33891356337547,,185.25,25.316023231978136,,33.75,4.612230953194397,,731.75,,700.0,,546.5,,698.0,
2008-08-01,36.0,5.191059841384282,,224.75,32.40807498197549,,86.0,12.400865176640231,,693.5,,657.5,,468.75,,607.5,
2008-09-01,32.799999999999955,4.796724188359163,,263.4,38.52003509798186,,122.01499999999999,17.843667739105,,683.8,,651.0,,420.4,,561.785,
2008-10-01,121.75,19.983586376692656,,261.0,42.8395568321707,,130.678,21.448994665572425,,609.25,,487.5,,348.25,,478.572,
2008-11-01,111.75,20.244565217391305,,245.0,44.38405797101449,,120.93,21.907608695652176,,552.0,,440.25,,307.0,,431.07,
2008-12-01,109.79999999999995,20.64685972169988,73.97499999999998,244.79999999999995,46.03234298608499,237.36666666666665,118.79999999999995,22.33922527265889,102.02883333333334,531.8,633.6833333333333,422.0,559.7083333333334,287.0,396.31666666666666,413.0,531.6545
2009-01-01,116.0,20.0,79.97857142857141,261.4,45.06896551724138,240.79999999999998,193.20999999999998,33.31206896551724,115.05471428571427,580.0,626.0142857142857,464.0,546.0357142857143,318.6,385.2142857142857,386.79,510.95957142857145
2009-02-01,118.0,19.974608548455354,84.73124999999999,271.25,45.91620820990266,244.60625,172.65666666667,29.226689236846383,122.25495833333375,590.75,621.60625,472.75,536.875,319.5,377.0,418.09333333333,499.35129166666627
2009-03-01,116.75,19.847003824904377,88.28888888888888,256.25,43.56141096472588,245.89999999999998,,,122.25495833333375,588.25,617.9000000000001,471.5,529.6111111111111,332.0,372.0,,499.35129166666627
2009-04-01,103.66666666667004,18.85991510006114,89.826666666667,214.00000000000006,38.93268647665229,242.70999999999998,119.66666666667004,21.770770163736078,121.9673703703711,549.66666666667,611.076666666667,446.0,521.25,335.66666666667,368.366666666667,430.0,491.64559259259227
2009-05-01,79.0,14.821763602251407,88.84242424242454,210.60000000000002,39.51219512195122,239.79090909090908,127.82249999999999,23.98170731707317,122.552883333334,533.0,603.9787878787882,454.0,515.1363636363636,322.4,364.1878787878791,405.1775,482.998783333333
2009-06-01,98.5,17.145343777197564,89.64722222222251,253.75,44.168842471714534,240.95416666666665,170.21499999999997,29.62837249782419,126.88580303030362,574.5,601.5222222222225,476.0,511.875,320.75,360.5680555555559,404.285,475.84298484848455
2009-07-01,108.5,18.96853146853147,96.04305555555584,251.75,44.01223776223776,246.4958333333333,161.772,28.28181818181818,138.52416666666727,572.0,588.2097222222225,463.5,492.1666666666667,320.25,341.7138888888892,410.228,449.6818939393936
2009-08-01,93.5,17.767220902612827,100.83472222222251,220.75,41.94774346793349,246.1625,130.53250000000003,24.80427553444181,142.57257575757637,526.25,574.2722222222225,432.75,473.4375,305.5,328.1097222222225,395.7175,430.42893939393906
2009-09-01,90.75,17.49397590361446,105.66388888888916,215.5,41.54216867469879,242.17083333333332,125.892,24.26833734939759,142.9250303030309,518.75,560.5180555555559,428.0,454.8541666666667,303.25,318.34722222222246,392.858,415.0719393939391
2009-10-01,80.19999999999999,16.267748478701822,102.20138888888916,194.60000000000002,39.472616632860046,236.63750000000002,78.89249999999998,16.0025354969574,138.21725757575817,493.0,550.8305555555559,412.8,448.62916666666666,298.4,314.1930555555558,414.1075,409.21153030303
2009-11-01,82.5,15.200368493781669,99.76388888888916,205.75,37.90879778903731,233.36666666666667,51.14499999999998,9.423307231690462,131.87316666666726,542.75,550.0597222222225,460.25,450.29583333333335,337.0,316.6930555555558,491.605,414.7147121212118
2009-12-01,75.75,12.81725888324873,96.92638888888916,188.0,31.810490693739425,228.63333333333335,61.08600000000001,10.336040609137058,126.62643939394,591.0,554.9930555555558,515.25,458.06666666666666,403.0,326.3597222222225,529.914,425.3432575757572
2010-01-01,58.19999999999993,10.232067510548513,92.1097222222225,148.59999999999997,26.12517580872011,219.23333333333335,83.51599999999996,14.682841068917012,116.65425757575818,568.8,554.0597222222225,510.6,461.95,420.2,334.82638888888914,485.284,434.29725757575727
2010-02-01,60.33333333333002,11.277258566977572,87.30416666666667,130.0,24.299065420560748,207.4625,113.21499999999997,21.161682242990647,111.25046969697,535.0,549.4138888888892,474.66666666667,462.1097222222225,405.0,341.95138888888914,421.785,434.63286363636365
2010-03-01,56.599999999999966,11.270410195141372,82.29166666666667,125.19999999999999,24.930306650736757,196.54166666666666,109.62799999999999,21.829549980087613,111.11526388888916,502.2,542.2430555555559,445.6,459.95138888888914,377.0,345.70138888888914,392.572,431.1277916666667
2010-04-01,57.33333333333002,12.303290414877686,78.43055555555499,123.0,26.394849785407725,188.95833333333334,94.82999999999998,20.349785407725317,109.04554166666667,466.0,535.2708333333334,408.66666666667,456.84027777777834,343.0,346.3125,371.17,426.2252916666667
2010-05-01,54.666666666660035,12.112259970456522,76.40277777777666,122.33333333333002,27.104874446085137,181.6027777777775,82.51083333333003,18.281573116690687,105.26956944444417,451.33333333333,528.4652777777775,396.66666666667,452.06250000000085,329.0,346.8625,368.8225,423.19570833333336
2010-06-01,48.0,10.909090909090908,72.19444444444333,110.5,25.113636363636367,169.6652777777775,81.78500000000003,18.587500000000006,97.9004027777775,440.0,517.2569444444442,392.0,445.06250000000085,329.5,347.5916666666667,358.215,419.3565416666666
2010-07-01,46.19999999999999,10.457220461747394,67.00277777777666,92.0,20.823902218198278,156.3527777777775,83.94400000000002,19.000452693526487,91.41473611111083,441.8,506.40694444444415,395.6,439.40416666666755,349.8,350.05416666666673,357.856,414.99220833333334
2010-08-01,40.75,9.000552181115404,62.60694444444332,83.75,18.49806736609608,144.93611111111082,29.892499999999984,6.602429596907783,83.02806944444416,452.75,500.28194444444415,412.0,437.67500000000086,369.0,355.34583333333336,422.8575,417.25387500000005
2010-09-01,28.5,5.981112277019937,57.41944444444332,64.5,13.53620146904512,132.3527777777775,18.822000000000003,3.950052465897167,74.10556944444416,476.5,496.7611111111108,448.0,439.34166666666755,412.0,364.40833333333336,457.678,422.6555416666667
2010-10-01,29.0,5.967078189300412,53.152777777776656,57.75,11.882716049382717,120.94861111111084,8.319999999999993,1.7119341563785992,68.2245277777775,486.0,496.17777777777746,457.0,443.02500000000083,428.25,375.2291666666667,477.68,427.95324999999997
2010-11-01,37.0,7.191448007774539,49.361111111109985,86.75,16.86103012633625,111.03194444444416,6.470000000000027,1.2575315840622017,64.50161111111083,514.5,493.8236111111108,477.5,444.46250000000083,427.75,382.7916666666667,508.03,429.32200000000006
2010-12-01,52.19999999999999,9.812030075187968,47.39861111110999,118.60000000000002,22.29323308270677,105.24861111111083,3.7140000000000555,0.6981203007518901,59.72061111111085,532.0,488.90694444444415,479.8,441.5083333333341,413.4,383.6583333333333,528.286,429.1863333333334
2011-01-01,49.19999999999993,9.520123839009276,46.64861111110999,111.79999999999995,21.633126934984514,102.18194444444418,22.94199999999995,4.439241486068102,54.6727777777775,516.8,484.5736111111108,467.6,437.92500000000086,405.0,382.39166666666665,493.858,429.9008333333333
2011-02-01,51.0,9.732824427480915,45.87083333333249,103.5,19.751908396946565,99.97361111111086,45.43000000000001,8.669847328244277,49.0240277777775,524.0,483.65694444444415,473.0,437.78611111111167,420.5,383.68333333333334,478.57,434.6329166666667
2011-03-01,37.25,7.559614408929477,44.258333333332494,84.5,17.14865550481989,96.58194444444416,28.75,5.834601725012684,42.284194444444175,492.75,482.8694444444441,455.5,438.6111111111117,408.25,386.28749999999997,464.0,440.58525000000003
2011-04-01,36.0,7.43417656169334,42.48055555555499,75.25,15.539494062983996,92.60277777777749,-0.03750000000002274,-0.007743933918435257,34.378569444444175,484.25,484.3902777777775,448.25,441.90972222222246,409.0,391.78749999999997,484.2875,450.0117083333333
2011-05-01,33.0,6.855006231823848,40.67499999999999,60.19999999999999,12.505193186539259,87.425,1.7549999999999955,0.3645616950560855,27.64891666666667,481.4,486.8958333333333,448.4,446.2208333333333,421.2,399.47083333333336,479.645,459.24691666666666
2011-06-01,40.0,7.785888077858881,40.008333333333326,86.25,16.78832116788321,85.40416666666665,38.46800000000002,7.48768856447689,24.03916666666667,513.75,493.0416666666667,473.75,453.0333333333333,427.5,407.63750000000005,475.282,469.00250000000005
2011-07-01,31.5,5.852299117510451,38.783333333333324,89.0,16.53506734788667,85.15416666666665,18.784999999999968,3.490013934045512,18.60925,538.25,501.07916666666665,506.75,462.2958333333333,449.25,415.925,519.465,482.4699166666666
2011-08-01,32.25,5.697879858657244,38.074999999999996,100.75,17.800353356890458,86.57083333333333,12.572000000000003,2.2212014134275626,17.165875,566.0,510.51666666666665,533.75,472.4416666666666,465.25,423.9458333333334,553.428,493.3507916666667
2011-09-01,43.25,7.22338204592902,39.30416666666666,84.75,14.154488517745303,88.25833333333333,37.32000000000005,6.232985386221303,18.707375000000003,598.75,520.7041666666667,555.5,481.3999999999999,514.0,432.4458333333334,561.43,501.99679166666664
2011-10-01,39.19999999999993,6.539873206539862,40.154166666666654,110.39999999999998,18.418418418418415,92.64583333333333,18.862499999999955,3.146896896896889,19.585916666666666,599.4,530.1541666666667,560.2,490.0,489.0,437.5083333333334,580.5375,510.56825000000003
2011-11-01,31.0,5.038602194229988,39.654166666666654,65.5,10.646078829744006,90.875,46.502500000000055,7.558309630231622,22.921958333333336,615.25,538.5500000000001,584.25,498.8958333333333,549.75,447.675,568.7475,515.6280416666666
2011-12-01,20.25,3.4571062740076828,36.99166666666665,41.75,7.127614169867691,84.47083333333332,81.32400000000001,13.883738796414855,29.389458333333334,585.75,543.0291666666667,565.5,506.0375000000001,544.0,458.5583333333334,504.426,513.6397083333334
2012-01-01,8.0,1.4760147601476015,33.55833333333333,25.75,4.750922509225092,77.3,90.57,16.710332103321033,35.025125,542.0,545.1291666666667,534.0,511.5708333333334,516.25,467.8291666666667,451.43,510.1040416666667
2012-02-01,8.5,1.5813953488372092,30.016666666666662,19.25,3.5813953488372094,70.27916666666665,107.07,19.919999999999998,40.161791666666666,537.5,546.2541666666667,529.0,516.2375000000001,518.25,475.9750000000001,430.43,506.09237499999995
2012-03-01,3.6000000000000227,0.6569343065693473,27.212499999999995,21.25,3.8777372262773726,65.00833333333333,119.2525,21.76140510948905,47.70366666666666,548.0,550.8583333333333,544.4,523.6458333333334,526.75,485.8500000000001,428.7475,503.1546666666666
2012-04-01,-2.9166666666700394,-0.5324813631529054,23.96944444444416,14.5,2.647193062528526,59.945833333333326,107.03500000000003,19.540848927430403,56.626375,547.75,556.15,550.66666666667,532.1805555555558,533.25,496.2041666666667,440.715,499.52362500000004
2012-05-01,47.25,7.868442964196502,25.15694444444416,38.75,6.452955870108243,58.158333333333324,167.212,27.845462114904247,70.41445833333334,600.5,566.075,553.25,540.9180555555558,561.75,507.9166666666667,433.288,495.66054166666663
2012-06-01,22.0,3.6666666666666665,23.65694444444416,58.799999999999955,9.799999999999992,55.870833333333316,188.03750000000002,31.339583333333337,82.87858333333334,600.0,573.2625,578.0,549.6055555555558,541.2,517.3916666666667,411.9625,490.38391666666666
2012-07-01,18.75,3.2679738562091507,22.59444444444416,55.0,9.586056644880173,53.03749999999999,164.46499999999997,28.66492374727668,95.01858333333332,573.75,576.2208333333334,555.0,553.6263888888892,518.75,523.1833333333333,409.285,481.20225
2012-08-01,22.75,4.007045354469397,21.802777777777493,58.75,10.347864376926465,49.53749999999999,131.322,23.130250990752973,104.91441666666668,567.75,576.3666666666667,545.0,554.5638888888892,509.0,526.8291666666667,436.428,471.45225
2012-09-01,19.5,3.462050599201065,19.823611111110825,51.25,9.098979138925877,46.74583333333333,108.07249999999999,19.187305814469592,110.81045833333333,563.25,573.4083333333334,543.75,553.5847222222225,512.0,526.6625,455.1775,462.597875
2012-10-01,25.75,4.612628750559785,18.7027777777775,38.0,6.806986117330944,40.7125,104.50599999999997,18.720286609941777,117.94741666666665,558.25,569.9791666666666,532.5,551.2763888888891,520.25,529.2666666666667,453.744,452.03174999999993
2012-11-01,29.25,5.230219043361646,18.556944444444166,36.25,6.481895395619134,38.275,110.92750000000001,19.83504693786321,123.31616666666666,559.25,565.3125,530.0,546.7555555555558,523.0,527.0375,448.3225,441.9963333333333
2012-12-01,27.799999999999955,4.98386518465399,19.18611111111083,37.39999999999998,6.704912154894224,37.912499999999994,144.04999999999995,25.82466833990677,128.54333333333332,557.8,562.9833333333332,530.0,543.7972222222224,520.4,525.0708333333333,413.75,434.44
2013-01-01,24.200000000000045,4.289259127968813,20.53611111111083,34.200000000000045,6.06168025522865,38.61666666666667,162.95500000000004,28.88248847926268,134.57541666666665,564.2,564.8333333333334,540.0,544.2972222222224,530.0,526.2166666666666,401.245,430.25791666666663
2013-02-01,24.25,4.30728241563055,21.84861111111083,28.0,4.9733570159857905,39.34583333333333,161.35500000000002,28.65985790408526,139.09916666666666,563.0,566.9583333333334,538.75,545.1097222222224,535.0,527.6125,401.645,427.8591666666667
2013-03-01,24.0,4.293381037567084,23.54861111111083,26.5,4.740608228980322,39.78333333333333,157.39,28.155635062611807,142.27729166666666,559.0,567.875,535.0,544.3263888888891,532.5,528.0916666666666,401.61,425.5977083333333
2013-04-01,21.399999999999977,3.8420107719928147,25.575,26.399999999999977,4.739676840215436,40.775,166.24432432432002,29.846377796107724,147.21140202702668,557.0,568.6458333333334,535.6,543.0708333333333,530.6,527.8708333333333,390.75567567568,421.43443130630664
2013-05-01,34.75,6.39374425022999,24.53333333333333,32.75,6.025758969641214,40.275,156.65188108107998,28.82279320719043,146.33139211711668,543.5,563.8958333333334,508.75,539.3625000000001,510.75,523.6208333333333,386.84811891892,417.56444121621666
2013-06-01,40.5,7.725321888412018,26.075,32.25,6.151645207439199,38.0625,138.31846846846997,26.384066469903665,142.18813948948915,524.25,557.5833333333334,483.75,531.5083333333333,492.0,519.5208333333334,385.93153153153,415.3951938438442
2013-07-01,55.0,10.805500982318271,29.09583333333333,47.19999999999999,9.273084479371315,37.4125,121.25941441441,23.823067664913555,138.58767402402333,509.0,552.1875,454.0,523.0916666666667,461.8,514.775,387.74058558559,413.59982597597667
2013-08-01,53.75,11.22715404699739,31.679166666666664,50.5,10.548302872062663,36.725,79.31086486485998,16.56623809187676,134.25341276276166,478.75,544.7708333333334,425.0,513.0916666666667,428.25,508.04583333333335,399.43913513514,410.51742057057163
2013-09-01,16.0,3.6036036036036037,31.3875,12.523809523809973,2.8206778206779215,33.4978174603175,82.0,18.46846846846847,132.08070442942832,444.0,534.8333333333334,428.0,503.4458333333334,431.47619047619,501.3355158730158,362.0,402.75262890390496
2013-10-01,16.0,3.644646924829157,30.575,18.565217391299996,4.228978904624145,31.87825224292583,62.68421052631999,14.278863445630977,128.59555530662166,439.0,524.8958333333334,423.0,494.3208333333334,420.4347826087,493.0175810904075,376.31578947368,396.3002780267116
2013-11-01,33.0,7.534246575342466,30.8875,23.69999999999999,5.410958904109586,30.832418909592494,42.11764705882001,9.615901154981737,122.86140089485667,438.0,514.7916666666666,405.0,483.9041666666667,414.3,483.95924775707414,395.88235294118,391.93026577181007
2013-12-01,52.33333333333002,11.603843311159649,32.93194444444417,50.23809523809001,11.139267236827054,31.90226017943333,31.58823529412001,7.004043302465634,113.48958716936666,451.0,505.8916666666667,398.66666666667,472.9597222222225,400.76190476191,473.98940648723334,419.41176470588,392.4020794973
2014-01-01,73.0,16.22222222222222,36.99861111111083,45.0,10.0,32.802260179433326,48.0,10.666666666666668,103.91000383603334,450.0,496.375,377.0,459.37638888888915,405.0,463.5727398205667,402.0,392.46499616396665
2014-02-01,77.0,16.775599128540307,41.39444444444417,9.149999999999977,1.9934640522875766,31.231426846099993,65.83999999999997,14.344226579520692,95.9504205027,459.0,487.7083333333333,382.0,446.31388888888915,449.85,456.4769064872334,393.16,391.75791283063336
2014-03-01,56.0,13.270142180094787,44.061111111110826,-3.1000000000000227,-0.7345971563981096,28.764760179433324,43.43000000000001,10.291469194312798,86.45375383603334,422.0,476.2916666666667,366.0,432.23055555555584,425.1,447.52690648723336,378.57,389.83791283063334
2014-04-01,43.0,10.886075949367088,45.86111111111084,-4.2900000000000205,-1.086075949367094,26.207260179433323,24.089999999999975,6.098734177215183,74.60756014233999,395.0,462.7916666666667,352.0,416.9305555555558,399.29,436.5844064872333,370.91,388.18410652432664
2014-05-01,42.0,10.824742268041238,46.46527777777751,-3.5500000000000114,-0.9149484536082504,23.182260179433325,-2.480000000000018,-0.6391752577319635,61.34657005225,388.0,449.8333333333333,346.0,403.3680555555558,391.55,426.6510731539,390.48,388.48676328108337
2014-06-01,41.0,10.327455919395465,46.50694444444417,-5.569999999999993,-1.403022670025187,20.030593512766657,-7.5,-1.8891687657430731,49.19503101321084,397.0,439.2291666666667,356.0,392.72222222222246,402.57,419.1985731539,404.5,390.0341356534559
2014-07-01,47.0,11.137440758293838,45.84027777777751,-13.389999999999986,-3.172985781990518,14.981426846099993,1.1299999999999955,0.26777251184834017,39.18424647867666,422.0,431.9791666666667,375.0,386.13888888888914,435.39,416.99773982056666,420.87,392.79492018799004
2014-08-01,31.0,6.96629213483146,43.94444444444417,-15.569999999999993,-3.4988764044943803,9.47559351276666,2.3799999999999955,0.5348314606741563,32.77334107327166,445.0,429.1666666666667,414.0,385.22222222222246,460.57,419.69107315389994,442.62,396.39332559339505
2014-09-01,21.0,4.861111111111112,44.36111111111084,-17.910000000000025,-4.145833333333339,6.939442719115827,-10.050000000000011,-2.3263888888888915,25.10250773993833,432.0,428.1666666666667,411.0,383.8055555555558,449.91,421.22722394755084,442.05,403.0641589267284
2014-10-01,19.0,4.439252336448598,44.61111111111084,-9.569999999999993,-2.2359813084112132,4.594841269840828,-8.95999999999998,-2.093457943925229,19.132156862744996,428.0,427.25,409.0,382.63888888888914,437.57,422.6551587301592,436.96,408.117843137255
2014-11-01,18.0,4.30622009569378,43.36111111111084,-5.800000000000011,-1.387559808612443,2.136507936507494,-4.0,-0.9569377990430622,15.28901960784333,418.0,425.5833333333333,400.0,382.22222222222246,423.8,423.4468253968259,422.0,410.29431372549
2014-12-01,20.0,4.784688995215311,40.666666666666664,-3.180000000000007,-0.7607655502392361,-2.315000000000007,35.610000000000014,8.519138755980865,15.624166666666662,418.0,422.8333333333333,398.0,382.1666666666667,421.18,425.1483333333333,382.39,407.2091666666667
2015-01-01,20.0,4.761904761904762,36.25,1.4499999999999886,0.3452380952380925,-5.944166666666675,45.579999999999984,10.852380952380948,15.422499999999994,420.0,420.3333333333333,400.0,384.0833333333333,418.55,426.2775,374.42,404.91083333333336
2015-02-01,20.0,4.761904761904762,31.5,3.0,0.7142857142857143,-6.456666666666673,66.5,15.833333333333332,15.477499999999997,420.0,417.0833333333333,400.0,385.5833333333333,417.0,423.53999999999996,353.5,401.6058333333333
2015-03-01,18.0,4.390243902439024,28.333333333333332,-1.0,-0.24390243902439024,-6.281666666666671,49.25999999999999,12.01463414634146,15.96333333333333,410.0,416.0833333333333,392.0,387.75,411.0,422.365,360.74,400.11999999999995
2015-04-01,15.0,3.7593984962406015,26.0,-1.259999999999991,-0.3157894736842083,-6.029166666666669,44.98000000000002,11.273182957393487,17.704166666666666,399.0,416.4166666666667,384.0,390.4166666666667,400.26,422.4458333333334,354.02,398.71250000000003
2015-05-01,13.0,3.4120734908136483,23.583333333333332,-5.529999999999973,-1.4514435695537986,-6.194166666666665,30.0,7.874015748031496,20.410833333333333,381.0,415.8333333333333,368.0,392.25,386.53,422.0275,351.0,395.42249999999996
2015-06-01,11.0,2.925531914893617,21.083333333333332,0.05000000000001137,0.013297872340428554,-5.725833333333331,27.0,7.180851063829788,23.285833333333333,376.0,414.0833333333333,365.0,393.0,375.95,419.80916666666667,349.0,390.79749999999996
2015-07-01,16.0,4.081632653061225,18.5,2.1399999999999864,0.5459183673469352,-4.4316666666666675,46.22000000000003,11.790816326530619,27.043333333333337,392.0,411.5833333333333,376.0,393.0833333333333,389.86,416.01500000000004,345.78,384.53999999999996
2015-08-01,11.0,2.949061662198391,16.833333333333332,-4.5,-1.2064343163538873,-3.5091666666666677,32.870000000000005,8.812332439678286,29.584166666666672,373.0,405.5833333333333,362.0,388.75,377.5,409.09250000000003,340.13,375.99916666666667
2015-09-01,10.0,2.801120448179272,15.916666666666666,-3.0,-0.8403361344537815,-2.2666666666666657,30.569999999999993,8.563025210084032,32.96916666666667,357.0,399.3333333333333,347.0,383.4166666666667,360.0,401.59999999999997,326.43,366.3641666666667
2015-10-01,11.0,2.949061662198391,15.25,3.730000000000018,1.0000000000000049,-1.1583333333333314,30.600000000000023,8.20375335120644,36.26583333333334,373.0,394.75,362.0,379.5,369.27,395.9083333333333,342.4,358.4841666666667
2015-11-01,9.0,2.4456521739130435,14.5,1.759999999999991,0.47826086956521496,-0.5283333333333312,14.389999999999986,3.910326086956518,37.79833333333334,368.0,390.5833333333333,359.0,376.0833333333333,366.24,391.1116666666667,353.61,352.785
2015-12-01,7.0,1.9283746556473829,13.416666666666666,2.759999999999991,0.7603305785123942,-0.03333333333333144,-8.0,-2.203856749311295,34.16416666666667,363.0,386.0,356.0,372.5833333333333,360.24,386.03333333333336,371.0,351.8358333333333
2016-01-01,8.0,2.168021680216802,12.416666666666666,2.8100000000000023,0.7615176151761524,0.08000000000000303,4.089999999999975,1.1084010840108334,30.706666666666667,369.0,381.75,361.0,369.3333333333333,366.19,381.67,364.91,351.04333333333335
2016-02-01,10.0,2.604166666666667,11.583333333333334,6.6200000000000045,1.7239583333333346,0.3816666666666701,23.870000000000005,6.216145833333334,27.15416666666667,384.0,378.75,374.0,367.1666666666667,377.38,378.36833333333334,360.13,351.59583333333336
2016-03-01,9.0,2.34375,10.833333333333334,9.100000000000023,2.3697916666666723,1.2233333333333387,23.80000000000001,6.19791666666667,25.032500000000002,384.0,376.5833333333333,375.0,365.75,374.9,375.35999999999996,360.2,351.5508333333333
2016-04-01,9.0,2.278481012658228,10.333333333333334,11.470000000000027,2.903797468354437,2.2841666666666733,24.0,6.075949367088607,23.284166666666668,395.0,376.25,386.0,365.9166666666667,383.53,373.96583333333336,371.0,352.96583333333336
2016-05-01,18.0,4.157043879907621,10.75,18.620000000000005,4.300230946882218,4.296666666666671,55.69,12.861431870669746,25.425,433.0,380.5833333333333,415.0,369.8333333333333,414.38,376.2866666666667,377.31,355.1583333333333
2016-06-01,19.0,4.308390022675737,11.416666666666666,14.20999999999998,3.2222222222222174,5.476666666666669,68.54000000000002,15.54195011337869,28.88666666666667,441.0,386.0,422.0,374.5833333333333,426.79,380.52333333333337,372.46,357.1133333333333
2016-07-01,18.0,4.072398190045249,11.583333333333334,24.110000000000014,5.454751131221722,7.3075000000000045,80.43,18.19683257918552,31.7375,442.0,390.1666666666667,424.0,378.5833333333333,417.89,382.8591666666666,361.57,358.42916666666673
2016-08-01,12.0,2.891566265060241,11.666666666666666,21.220000000000027,5.113253012048199,9.45083333333334,67.54000000000002,16.27469879518073,34.62666666666667,415.0,393.6666666666667,403.0,382.0,393.78,384.21583333333336,347.46,359.03999999999996
2016-09-01,6.0,1.5625,11.333333333333334,18.730000000000018,4.877604166666671,11.261666666666676,41.26999999999998,10.747395833333329,35.51833333333334,384.0,395.9166666666667,378.0,384.5833333333333,365.27,384.655,342.73,360.3983333333333
2016-10-01,4.0,1.084010840108401,10.75,19.100000000000023,5.176151761517621,12.54250000000001,32.610000000000014,8.837398373983744,35.685833333333335,369.0,395.5833333333333,365.0,384.8333333333333,349.9,383.0408333333333,336.39,359.89750000000004
2016-11-01,8.0,2.191780821917808,10.666666666666666,25.410000000000025,6.961643835616445,14.513333333333344,27.0,7.397260273972603,36.73666666666667,365.0,395.3333333333333,357.0,384.6666666666667,339.59,380.82,338.0,358.59666666666664
2016-12-01,9.0,2.4128686327077746,10.833333333333334,18.579999999999984,4.981233243967824,15.831666666666678,32.0,8.579088471849866,40.07,373.0,396.1666666666667,364.0,385.3333333333333,354.42,380.335,341.0,356.09666666666664
2017-01-01,8.0,2.122015915119363,10.833333333333334,21.089999999999975,5.594164456233415,17.355000000000008,40.44999999999999,10.729442970822278,43.1,377.0,396.8333333333333,369.0,386.0,355.91,379.4783333333333,336.55,353.73333333333335
2017-02-01,6.0,1.6348773841961852,10.5,18.25,4.9727520435967305,18.324166666666674,31.660000000000025,8.626702997275212,43.74916666666667,367.0,395.4166666666667,361.0,384.9166666666667,348.75,377.0925,335.34,351.6675
2017-03-01,6.0,1.6216216216216217,10.25,11.569999999999993,3.1270270270270255,18.530000000000005,26.439999999999998,7.145945945945946,43.96916666666667,370.0,394.25,364.0,384.0,358.43,375.72,343.56,350.2808333333333
2017-04-01,11.0,2.8947368421052633,10.416666666666666,21.470000000000027,5.6500000000000075,19.36333333333334,35.35000000000002,9.302631578947375,44.915,380.0,393.0,369.0,382.5833333333333,358.53,373.6366666666666,344.65,348.08500000000004
2017-05-01,22.0,5.225653206650831,10.75,26.05000000000001,6.18764845605701,19.982500000000005,76.0,18.052256532066508,46.60750000000001,421.0,392.0,399.0,381.25,394.95,372.0175,345.0,345.3925
2017-06-01,28.0,6.11353711790393,11.5,17.139999999999986,3.742358078602617,20.226666666666674,100.82,22.01310043668122,49.29750000000001,458.0,393.4166666666667,430.0,381.9166666666667,440.86,373.19,357.18,344.1191666666666
2017-07-01,18.0,4.316546762589928,11.5,19.569999999999993,4.693045563549159,19.84833333333334,31.129999999999995,7.465227817745802,45.189166666666665,417.0,391.3333333333333,399.0,379.8333333333333,397.43,371.48499999999996,385.87,346.14416666666665
2017-08-01,12.0,3.0534351145038165,11.5,16.860000000000014,4.290076335877866,19.485000000000003,2.6299999999999955,0.6692111959287521,39.78,393.0,389.5,381.0,378.0,376.14,370.01500000000004,390.37,349.72
2017-09-01,14.0,3.482587064676617,12.166666666666666,17.189999999999998,4.276119402985074,19.35666666666667,20.0,4.975124378109453,38.0075,402.0,391.0,388.0,378.8333333333333,384.81,371.6433333333334,382.0,352.9925
2017-10-01,15.0,3.807106598984772,13.083333333333334,18.319999999999993,4.649746192893399,19.291666666666668,17.810000000000002,4.520304568527919,36.774166666666666,394.0,393.0833333333333,379.0,380.0,375.68,373.7916666666667,376.19,356.30916666666667
2017-11-01,16.0,3.9800995024875623,13.75,23.180000000000007,5.766169154228858,19.105833333333333,22.99000000000001,5.718905472636818,36.440000000000005,402.0,396.1666666666667,386.0,382.4166666666667,378.82,377.0608333333334,379.01,359.7266666666667
2017-12-01,15.0,3.6945812807881775,14.25,17.5,4.310344827586207,19.015833333333333,22.75999999999999,5.605911330049259,35.67,406.0,398.9166666666667,391.0,384.6666666666667,388.5,379.90083333333337,383.24,363.24666666666667
2018-01-01,20.0,4.524886877828054,15.25,31.170000000000016,7.052036199095026,19.855833333333337,61.06,13.81447963800905,37.3875,442.0,404.3333333333333,422.0,389.0833333333333,410.83,384.4775,380.94,366.9458333333334
2018-02-01,14.0,3.294117647058824,15.916666666666666,17.19999999999999,4.047058823529409,19.768333333333334,29.569999999999993,6.957647058823528,37.21333333333333,425.0,409.1666666666667,411.0,393.25,407.8,389.39833333333337,395.43,371.9533333333333
2018-03-01,12.0,2.7906976744186047,16.416666666666668,26.5,6.162790697674419,21.012500000000003,20.079999999999984,4.669767441860461,36.68333333333333,430.0,414.1666666666667,418.0,397.75,403.5,393.1541666666667,409.92,377.48333333333335
2018-04-01,15.0,3.325942350332594,16.75,20.75999999999999,4.603104212860308,20.953333333333333,37.56999999999999,8.330376940133036,36.86833333333333,451.0,420.0833333333333,436.0,403.3333333333333,430.24,399.13000000000005,413.43,383.215
2018-05-01,15.0,3.325942350332594,16.166666666666668,19.24000000000001,4.26607538802661,20.385833333333334,32.0,7.095343680709535,33.20166666666666,451.0,422.5833333333333,436.0,406.4166666666667,431.76,402.19750000000005,419.0,389.38166666666666
2018-06-01,12.0,2.810304449648712,14.833333333333334,18.399999999999977,4.309133489461353,20.49083333333333,-16.100000000000023,-3.7704918032786936,23.45833333333333,427.0,420.0,415.0,405.1666666666667,408.6,399.50916666666666,443.1,396.5416666666667
2018-07-01,8.0,2.0100502512562812,14.0,15.269999999999982,3.836683417085423,20.132499999999997,-42.64999999999998,-10.716080402010045,17.31,398.0,418.4166666666667,390.0,404.4166666666667,382.73,398.28416666666675,440.65,401.1066666666666
2018-08-01,12.0,2.9629629629629632,14.0,11.5,2.8395061728395063,19.68583333333333,3.4399999999999977,0.8493827160493822,17.377499999999998,405.0,419.4166666666667,393.0,405.4166666666667,393.5,399.73083333333335,401.56,402.03916666666663
2018-09-01,12.0,2.9629629629629632,13.833333333333334,9.649999999999977,2.3827160493827106,19.057499999999994,20.350000000000023,5.024691358024698,17.406666666666666,405.0,419.6666666666667,393.0,405.8333333333333,395.35,400.6091666666666,384.65,402.26
2018-10-01,12.0,2.93398533007335,13.583333333333334,18.610000000000014,4.550122249388757,19.081666666666663,19.19999999999999,4.694376528117357,17.522499999999997,409.0,420.9166666666667,397.0,407.3333333333333,390.39,401.83500000000004,389.8,403.3941666666667
2018-11-01,10.0,2.493765586034913,13.083333333333334,22.189999999999998,5.533665835411471,18.999166666666664,5.269999999999982,1.3142144638403943,16.04583333333333,401.0,420.8333333333333,391.0,407.75,378.81,401.8341666666667,395.73,404.78749999999997
2018-12-01,9.0,2.2277227722772275,12.583333333333334,24.670000000000016,6.10643564356436,19.596666666666664,4.480000000000018,1.1089108910891134,14.522499999999999,404.0,420.6666666666667,395.0,408.0833333333333,379.33,401.07,399.52,406.1441666666667
2019-01-01,8.0,1.951219512195122,11.583333333333334,22.649999999999977,5.524390243902434,18.88666666666666,13.689999999999998,3.339024390243902,10.574999999999998,410.0,418.0,402.0,406.4166666666667,387.35,399.1133333333333,396.31,407.425
2019-02-01,7.0,1.715686274509804,11.0,21.75,5.330882352941177,19.26583333333333,40.05000000000001,9.816176470588237,11.448333333333332,408.0,416.5833333333333,401.0,405.5833333333333,386.25,397.31749999999994,367.95,405.135
2019-03-01,7.0,1.7241379310344827,10.583333333333334,23.569999999999993,5.805418719211821,19.02166666666666,63.379999999999995,15.610837438423644,15.056666666666667,406.0,414.5833333333333,399.0,404.0,382.43,395.56166666666667,342.62,399.52666666666664
2019-04-01,9.0,2.1791767554479415,10.083333333333334,21.69999999999999,5.25423728813559,19.099999999999994,71.88999999999999,17.406779661016948,17.916666666666668,413.0,411.4166666666667,404.0,401.3333333333333,391.3,392.31666666666666,341.11,393.5
2019-05-01,8.0,1.9559902200488997,9.5,22.24000000000001,5.437652811735943,19.349999999999994,58.06,14.19559902200489,20.088333333333335,409.0,407.9166666666667,401.0,398.4166666666667,386.76,388.5666666666666,350.94,387.8283333333333
2019-06-01,9.0,2.142857142857143,9.25,25.80000000000001,6.142857142857146,19.966666666666665,61.18000000000001,14.56666666666667,26.528333333333336,420.0,407.3333333333333,411.0,398.0833333333333,394.2,387.36666666666673,358.82,380.80500000000006
2019-07-01,7.0,1.6826923076923077,9.166666666666666,24.30000000000001,5.841346153846157,20.719166666666666,55.839999999999975,13.423076923076918,34.73583333333333,416.0,408.8333333333333,409.0,399.6666666666667,391.7,388.1141666666667,360.16,374.0975
2019-08-01,9.0,2.0930232558139537,8.916666666666666,22.480000000000018,5.22790697674419,21.63416666666667,67.61000000000001,15.723255813953491,40.083333333333336,430.0,410.9166666666667,421.0,402.0,407.52,389.28249999999997,362.39,370.8333333333333
2019-09-01,6.0,1.405152224824356,8.416666666666666,25.29000000000002,5.922716627634665,22.937500000000004,76.14999999999998,17.83372365339578,44.73333333333333,427.0,412.75,421.0,404.3333333333333,401.71,389.8125,350.85,368.0166666666667
2019-10-01,6.0,1.4150943396226416,7.916666666666667,26.95999999999998,6.35849056603773,23.633333333333336,98.20999999999998,23.1627358490566,51.317499999999995,424.0,414.0,418.0,406.0833333333333,397.04,390.3666666666666,325.79,362.68250000000006
2019-11-01,6.0,1.4251781472684086,7.583333333333333,26.24000000000001,6.2327790973871755,23.970833333333335,92.75999999999999,22.033254156769594,58.60833333333333,421.0,415.6666666666667,415.0,408.0833333333333,394.76,391.6958333333334,328.24,357.05833333333334
2019-12-01,9.0,2.083333333333333,7.583333333333333,31.100000000000023,7.19907407407408,24.50666666666667,94.57,21.891203703703702,66.11583333333333,432.0,418.0,423.0,410.4166666666667,400.9,393.4933333333333,337.43,351.8841666666667
2020-01-01,11.0,2.4390243902439024,7.833333333333333,25.0,5.543237250554324,24.702500000000004,102.32,22.687361419068736,73.50166666666667,451.0,421.4166666666667,440.0,413.5833333333333,426.0,396.71416666666664,348.68,347.915
2020-02-01,8.0,1.7777777777777777,7.916666666666667,23.55000000000001,5.233333333333336,24.852500000000006,92.57999999999998,20.57333333333333,77.87916666666666,450.0,424.9166666666667,442.0,417.0,426.45,400.0641666666667,357.42,347.03749999999997
2020-03-01,17.0,3.4412955465587043,8.75,24.360000000000014,4.931174089068828,24.91833333333334,121.42000000000002,24.578947368421055,82.71583333333332,494.0,432.25,477.0,423.5,469.64,407.33166666666665,372.58,349.53416666666664
2020-04-01,28.0,4.964539007092199,10.333333333333334,20.299999999999955,3.599290780141836,24.801666666666673,156.86,27.81205673758865,89.79666666666667,564.0,444.8333333333333,536.0,434.5,543.7,420.0316666666666,407.14,355.03666666666663
2020-05-01,16.0,3.1372549019607843,11.0,17.110000000000014,3.3549019607843165,24.37416666666667,71.57999999999998,14.035294117647057,90.92333333333333,510.0,453.25,494.0,442.25,492.89,428.87583333333333,438.42,362.32666666666665
2020-06-01,19.0,3.653846153846154,11.833333333333334,26.360000000000014,5.069230769230772,24.420833333333338,70.54000000000002,13.565384615384618,91.70333333333332,520.0,461.5833333333333,501.0,449.75,493.64,437.16249999999997,449.46,369.88000000000005
2020-07-01,13.0,2.7083333333333335,12.333333333333334,20.30000000000001,4.22916666666667,24.087500000000006,35.81,7.460416666666666,90.03416666666665,480.0,466.9166666666667,467.0,454.5833333333333,459.7,442.82916666666665,444.19,376.8825
2020-08-01,19.0,3.762376237623762,13.166666666666666,24.149999999999977,4.7821782178217775,24.22666666666667,56.089999999999975,11.106930693069302,89.07416666666666,505.0,473.1666666666667,486.0,460.0,480.85,448.94000000000005,448.91,384.0925
2020-09-01,19.0,3.7475345167652856,14.25,24.0,4.733727810650888,24.11916666666667,44.339999999999975,8.745562130177511,86.42333333333333,507.0,479.8333333333333,488.0,465.5833333333333,483.0,455.7141666666667,462.66,393.41
2020-10-01,8.0,1.6985138004246285,14.416666666666666,16.5,3.5031847133757963,23.247500000000002,11.829999999999984,2.511677282377916,79.22499999999998,471.0,483.75,463.0,469.3333333333333,454.5,460.50250000000005,459.17,404.5249999999999
2020-11-01,9.0,1.8404907975460123,14.666666666666666,20.519999999999982,4.196319018404904,22.770833333333332,19.5,3.9877300613496933,73.11999999999999,489.0,489.4166666666667,480.0,474.75,468.48,466.6458333333333,469.5,416.2966666666666
2020-12-01,12.0,2.307692307692308,14.916666666666666,23.44999999999999,4.509615384615382,22.13333333333333,42.610000000000014,8.194230769230773,68.79,520.0,496.75,508.0,481.8333333333333,496.55,474.61666666666673,477.39,427.96
2021-01-01,17.0,3.1192660550458715,15.416666666666666,27.25,5.0,22.32083333333333,54.01999999999998,9.911926605504584,64.765,545.0,504.5833333333333,528.0,489.1666666666667,517.75,482.26250000000005,490.98,439.8183333333334
2021-02-01,15.0,2.6929982046678633,16.0,26.0,4.66786355475763,22.524999999999995,56.51999999999998,10.147217235188506,61.75999999999999,557.0,513.5,542.0,497.5,531.0,490.97499999999997,500.48,451.74
2021-03-01,10.0,1.9047619047619049,15.416666666666666,20.870000000000005,3.975238095238096,22.234166666666663,26.620000000000005,5.0704761904761915,53.85999999999999,525.0,516.0833333333334,515.0,500.6666666666667,504.13,493.8491666666667,498.38,462.22333333333336
2021-04-01,11.0,2.2222222222222223,14.0,17.620000000000005,3.5595959595959603,22.010833333333334,6.829999999999984,1.3797979797979765,41.357499999999995,495.0,510.3333333333333,484.0,496.3333333333333,477.38,488.3225,488.17,468.97583333333336
2021-05-01,10.0,2.028397565922921,13.5,30.25,6.135902636916836,23.105833333333333,15.300000000000011,3.103448275862071,36.6675,493.0,508.9166666666667,483.0,495.4166666666667,462.75,485.8108333333334,477.7,472.24916666666667
2021-06-01,11.0,2.3605150214592276,12.833333333333334,27.410000000000025,5.881974248927044,23.19333333333333,-8.0,-1.7167381974248928,30.12249999999999,466.0,504.4166666666667,455.0,491.5833333333333,438.59,481.2233333333333,474.0,474.2941666666666
2021-07-01,7.0,1.6908212560386473,12.333333333333334,17.0,4.1062801932367154,22.918333333333333,-22.170000000000016,-5.35507246376812,25.290833333333325,414.0,498.9166666666667,407.0,486.5833333333333,397.0,475.9983333333333,436.17,473.62583333333333
2021-08-01,11.0,2.729528535980149,11.666666666666666,22.0,5.459057071960298,22.739166666666666,18.54000000000002,4.600496277915638,22.16166666666666,403.0,490.4166666666667,392.0,478.75,381.0,467.67749999999995,384.46,468.25500000000005
2021-09-01,9.0,2.25,10.833333333333334,18.730000000000018,4.6825000000000045,22.3,12.699999999999989,3.174999999999997,19.524999999999995,400.0,481.5,391.0,470.6666666666667,381.27,459.2,387.3,461.97499999999997
2021-10-01,6.0,1.4962593516209477,10.666666666666666,18.29000000000002,4.5610972568578605,22.44916666666667,-3.4599999999999795,-0.8628428927680747,18.250833333333333,401.0,475.6666666666667,395.0,465.0,382.71,453.2175,404.46,457.4158333333334
2021-11-01,6.0,1.5,10.416666666666666,21.44999999999999,5.362499999999997,22.52666666666667,-11.410000000000025,-2.8525000000000063,15.674999999999997,400.0,468.25,394.0,457.8333333333333,378.55,445.72333333333336,411.41,452.57500000000005
2021-12-01,7.0,1.7500000000000002,10.0,19.05000000000001,4.762500000000003,22.160000000000007,-2.660000000000025,-0.6650000000000063,11.902499999999995,400.0,458.25,393.0,448.25,380.95,436.09,402.66,446.3475
2022-01-01,8.0,1.873536299765808,9.25,23.850000000000023,5.58548009367682,21.876666666666676,31.060000000000002,7.27400468384075,9.989166666666662,427.0,448.4166666666667,419.0,439.1666666666667,403.15,426.53999999999996,395.94,438.42749999999995
2022-02-01,5.0,1.1709601873536302,8.416666666666666,21.05000000000001,4.929742388758785,21.464166666666674,42.79000000000002,10.021077283372371,8.844999999999999,427.0,437.5833333333333,422.0,429.1666666666667,405.95,416.1191666666666,384.21,428.7383333333333
2022-03-01,3.0,0.7109004739336493,7.833333333333333,14.870000000000005,3.523696682464456,20.964166666666674,30.329999999999984,7.187203791469191,9.154166666666663,422.0,429.0,419.0,421.1666666666667,407.13,408.0358333333333,391.67,419.8458333333333
2022-04-01,2.0,0.46403712296983757,7.083333333333333,21.939999999999998,5.090487238979118,21.324166666666674,28.620000000000005,6.640371229698378,10.969999999999999,431.0,423.6666666666667,429.0,416.5833333333333,409.06,402.3425,402.38,412.69666666666666
2022-05-01,6.0,1.293103448275862,6.75,21.139999999999986,4.556034482758617,20.56500000000001,57.55000000000001,12.403017241379313,14.490833333333333,464.0,421.25,458.0,414.5,442.86,400.68499999999995,406.45,406.75916666666666
2022-06-01,3.0,0.6756756756756757,6.083333333333333,16.44999999999999,3.7049549549549523,19.65166666666667,32.079999999999984,7.2252252252252225,17.83083333333333,444.0,419.4166666666667,441.0,413.3333333333333,427.55,399.76500000000004,411.92,401.5858333333333
2022-07-01,6.0,1.4354066985645932,6.0,12.329999999999984,2.9497607655502356,19.262500000000003,6.910000000000025,1.6531100478468959,20.254166666666666,418.0,419.75,412.0,413.75,405.67,400.4875,411.09,399.49583333333334
2022-08-01,10.0,2.320185614849188,5.916666666666667,18.44999999999999,4.280742459396749,18.96666666666667,35.19999999999999,8.167053364269139,21.6425,431.0,422.0833333333333,421.0,416.1666666666667,412.55,403.11666666666673,395.8,400.44083333333333
2022-09-01,11.0,2.5056947608200453,6.083333333333333,15.639999999999986,3.562642369020498,18.709166666666665,46.75999999999999,10.65148063781321,24.480833333333333,439.0,425.3333333333333,428.0,419.25,423.36,406.62416666666667,392.24,400.85249999999996
2022-10-01,11.0,2.5522041763341066,6.5,19.379999999999995,4.496519721577725,18.799999999999997,21.920000000000016,5.0858468677494235,26.59583333333333,431.0,427.8333333333333,420.0,421.3333333333333,411.62,409.0333333333333,409.08,401.23749999999995
2022-11-01,10.0,2.272727272727273,6.833333333333333,22.5,5.113636363636364,18.8875,18.79000000000002,4.27045454545455,29.1125,440.0,431.1666666666667,430.0,424.3333333333333,417.5,412.27916666666664,421.21,402.0541666666666
2022-12-01,10.0,2.141327623126338,7.083333333333333,20.610000000000014,4.413276231263386,19.0175,34.64999999999998,7.4197002141327575,32.22166666666667,467.0,436.75,457.0,429.6666666666667,446.39,417.7325,432.35,404.52833333333336
2023-01-01,10.0,1.9342359767891684,7.25,32.360000000000014,6.259187620889752,19.726666666666663,76.33999999999997,14.765957446808505,35.995,517.0,444.25,507.0,437.0,484.64,424.52333333333337,440.66,408.25499999999994
2023-02-01,10.0,2.0325203252032518,7.666666666666667,23.05000000000001,4.684959349593498,19.89333333333333,43.72000000000003,8.886178861788624,36.0725,492.0,449.6666666666667,482.0,442.0,468.95,429.77333333333337,448.28,413.5941666666667
2023-03-01,8.0,1.680672268907563,8.083333333333334,15.089999999999975,3.1701680672268853,19.91166666666666,31.360000000000014,6.58823529411765,36.15833333333334,476.0,454.1666666666667,468.0,446.0833333333333,460.91,434.25500000000005,444.64,418.0083333333334
2023-04-01,11.0,2.19560878243513,8.833333333333334,18.120000000000005,3.6167664670658692,19.59333333333333,45.89999999999998,9.161676646706582,37.598333333333336,501.0,460.0,490.0,451.1666666666667,482.88,440.4066666666667,455.1,422.4016666666667
2023-05-01,15.0,2.941176470588235,9.583333333333334,17.319999999999993,3.3960784313725476,19.274999999999995,39.47000000000003,7.739215686274516,36.09166666666667,510.0,463.8333333333333,495.0,454.25,492.68,444.5583333333334,470.53,427.74166666666673
2023-06-01,18.0,3.501945525291829,10.833333333333334,18.25,3.5505836575875485,19.424999999999997,5.759999999999991,1.1206225680933835,33.89833333333333,514.0,469.6666666666667,496.0,458.8333333333333,495.75,450.2416666666666,508.24,435.7683333333334
2023-07-01,23.0,4.204753199268739,12.25,13.549999999999955,2.4771480804387487,19.52666666666666,44.24000000000001,8.087751371115175,37.009166666666665,547.0,480.4166666666667,524.0,468.1666666666667,533.45,460.89000000000004,502.76,443.4075
2023-08-01,35.0,5.511811023622047,14.333333333333334,9.0,1.4173228346456692,18.739166666666662,93.85000000000002,14.779527559055122,41.89666666666667,635.0,497.4166666666667,600.0,483.0833333333333,626.0,478.6775,541.15,455.52
2023-09-01,33.0,5.32258064516129,16.166666666666668,10.100000000000023,1.6290322580645198,18.2775,25.629999999999995,4.1338709677419345,40.13583333333334,620.0,512.5,587.0,496.3333333333333,609.9,494.2225,594.37,472.3641666666667
2023-10-01,27.0,4.576271186440678,17.5,15.289999999999964,2.5915254237288075,17.936666666666664,-26.149999999999977,-4.432203389830504,36.13,590.0,525.75,563.0,508.25,574.71,507.81333333333333,616.15,489.62000000000006
2023-11-01,25.0,4.1806020066889635,18.75,23.409999999999968,3.91471571906354,18.012499999999992,-31.409999999999968,-5.252508361204008,31.946666666666673,598.0,538.9166666666666,573.0,520.1666666666666,574.59,520.9041666666667,629.41,506.97
2023-12-01,34.0,5.279503105590062,20.75,14.409999999999968,2.2375776397515477,17.495833333333323,11.100000000000023,1.7236024844720532,29.984166666666678,644.0,553.6666666666666,610.0,532.9166666666666,629.59,536.1708333333333,632.9,523.6825
2024-01-01,40.0,6.0606060606060606,23.25,11.139999999999986,1.6878787878787858,15.727499999999987,34.49000000000001,5.225757575757577,26.49666666666668,660.0,565.5833333333334,620.0,542.3333333333334,648.86,549.8558333333333,625.51,539.0866666666667
2024-02-01,30.0,4.807692307692308,24.916666666666668,4.100000000000023,0.6570512820512857,14.148333333333321,9.740000000000009,1.5608974358974375,23.66500000000001,624.0,576.5833333333334,594.0,551.6666666666666,619.9,562.4350000000001,614.26,552.9183333333334
2024-03-01,29.0,4.730831973898858,26.666666666666668,5.279999999999973,0.8613376835236497,13.330833333333322,27.57000000000005,4.497553017944543,23.34916666666668,613.0,588.0,584.0,561.3333333333334,607.72,574.6691666666667,585.43,564.6508333333333
2024-04-01,28.0,4.72972972972973,28.083333333333332,14.049999999999955,2.3733108108108034,12.991666666666651,20.5,3.4628378378378377,21.232500000000016,592.0,595.5833333333334,564.0,567.5,577.95,582.5916666666667,571.5,574.3508333333333
2024-05-01,35.0,5.573248407643312,29.75,21.529999999999973,3.4283439490445815,13.342499999999982,60.02999999999997,9.558917197452226,22.945833333333344,628.0,605.4166666666666,593.0,575.6666666666666,606.47,592.0741666666667,567.97,582.4708333333333
2024-06-01,37.0,5.8544303797468356,31.333333333333332,18.700000000000045,2.9588607594936778,13.379999999999987,70.37,11.134493670886076,28.330000000000013,632.0,615.25,595.0,583.9166666666666,613.3,601.87,561.63,586.92
2024-07-01,33.0,5.593220338983051,32.166666666666664,19.129999999999995,3.242372881355932,13.84499999999999,37.57000000000005,6.3677966101695,27.774166666666684,590.0,618.8333333333334,557.0,586.6666666666666,570.87,604.9883333333333,552.43,591.0591666666667
2024-08-01,29.0,4.923599320882852,31.666666666666668,22.299999999999955,3.786078098471979,14.953333333333319,53.75,9.125636672325976,24.432500000000015,589.0,615.0,560.0,583.3333333333334,566.7,600.0466666666666,535.25,590.5675
2024-09-01,24.0,4.137931034482759,30.916666666666668,15.75,2.71551724137931,15.42416666666665,39.539999999999964,6.817241379310339,25.59166666666668,580.0,611.6666666666666,556.0,580.75,564.25,596.2425,540.46,586.075
2024-10-01,16.0,3.1067961165048543,30.0,10.189999999999998,1.9786407766990286,14.999166666666653,-14.840000000000032,-2.8815533980582586,26.534166666666675,515.0,605.4166666666666,499.0,575.4166666666666,504.81,590.4175,529.84,578.8825
2024-11-01,24.0,4.6966731898238745,29.916666666666668,21.399999999999977,4.1878669275929505,14.831666666666655,1.3100000000000023,0.256360078277887,29.260833333333338,511.0,598.1666666666666,487.0,568.25,489.6,583.335,509.69,568.9058333333334
2024-12-01,27.0,5.1233396584440225,29.333333333333332,25.060000000000002,4.755218216318786,15.719166666666657,31.329999999999984,5.944971537001894,30.94666666666667,527.0,588.4166666666666,500.0,559.0833333333334,501.94,572.6975,495.67,557.47
